network,edge_id,station_u,station_v
9_lines_245_stations,1,1,2
9_lines_245_stations,2,2,3
9_lines_245_stations,3,3,4
9_lines_245_stations,4,4,5
9_lines_245_stations,5,5,6
9_lines_245_stations,6,6,7
9_lines_245_stations,7,7,8
9_lines_245_stations,8,8,9
9_lines_245_stations,9,9,10
9_lines_245_stations,10,10,11
9_lines_245_stations,11,11,12
9_lines_245_stations,12,12,13
9_lines_245_stations,13,13,14
9_lines_245_stations,14,13,74
9_lines_245_stations,15,13,73
9_lines_245_stations,16,14,15
9_lines_245_stations,17,15,16
9_lines_245_stations,18,16,17
9_lines_245_stations,19,16,39
9_lines_245_stations,20,16,40
9_lines_245_stations,21,16,139
9_lines_245_stations,22,16,138
9_lines_245_stations,23,17,18
9_lines_245_stations,24,18,19
9_lines_245_stations,25,18,193
9_lines_245_stations,26,18,192
9_lines_245_stations,27,19,20
9_lines_245_stations,28,19,38
9_lines_245_stations,29,19,115
9_lines_245_stations,30,20,21
9_lines_245_stations,31,21,22
9_lines_245_stations,32,21,191
9_lines_245_stations,33,21,80
9_lines_245_stations,34,21,233
9_lines_245_stations,35,21,115
9_lines_245_stations,36,22,23
9_lines_245_stations,37,22,80
9_lines_245_stations,38,22,97
9_lines_245_stations,39,23,24
9_lines_245_stations,40,24,25
9_lines_245_stations,41,24,83
9_lines_245_stations,42,25,26
9_lines_245_stations,43,26,27
9_lines_245_stations,44,27,28
9_lines_245_stations,45,29,30
9_lines_245_stations,46,30,31
9_lines_245_stations,47,31,32
9_lines_245_stations,48,32,33
9_lines_245_stations,49,33,34
9_lines_245_stations,50,34,35
9_lines_245_stations,51,35,36
9_lines_245_stations,52,36,37
9_lines_245_stations,53,36,77
9_lines_245_stations,54,36,78
9_lines_245_stations,55,37,38
9_lines_245_stations,56,37,232
9_lines_245_stations,57,37,191
9_lines_245_stations,58,38,39
9_lines_245_stations,59,38,114
9_lines_245_stations,60,40,41
9_lines_245_stations,61,40,194
9_lines_245_stations,62,40,195
9_lines_245_stations,63,41,42
9_lines_245_stations,64,42,43
9_lines_245_stations,65,43,44
9_lines_245_stations,66,43,88
9_lines_245_stations,67,43,89
9_lines_245_stations,68,43,172
9_lines_245_stations,69,43,171
9_lines_245_stations,70,44,45
9_lines_245_stations,71,45,46
9_lines_245_stations,72,46,47
9_lines_245_stations,73,46,124
9_lines_245_stations,74,46,125
9_lines_245_stations,75,47,48
9_lines_245_stations,76,48,49
9_lines_245_stations,77,49,50
9_lines_245_stations,78,50,51
9_lines_245_stations,79,51,52
9_lines_245_stations,80,52,53
9_lines_245_stations,81,53,54
9_lines_245_stations,82,54,55
9_lines_245_stations,83,55,56
9_lines_245_stations,84,56,57
9_lines_245_stations,85,58,59
9_lines_245_stations,86,59,60
9_lines_245_stations,87,60,61
9_lines_245_stations,88,61,62
9_lines_245_stations,89,62,63
9_lines_245_stations,90,63,64
9_lines_245_stations,91,64,65
9_lines_245_stations,92,65,66
9_lines_245_stations,93,66,67
9_lines_245_stations,94,67,68
9_lines_245_stations,95,68,69
9_lines_245_stations,96,69,70
9_lines_245_stations,97,70,71
9_lines_245_stations,98,71,72
9_lines_245_stations,99,71,135
9_lines_245_stations,100,71,136
9_lines_245_stations,101,72,73
9_lines_245_stations,102,73,84
9_lines_245_stations,103,74,75
9_lines_245_stations,104,75,76
9_lines_245_stations,105,75,112
9_lines_245_stations,106,75,113
9_lines_245_stations,107,76,77
9_lines_245_stations,108,76,231
9_lines_245_stations,109,76,232
9_lines_245_stations,110,78,79
9_lines_245_stations,111,79,80
9_lines_245_stations,112,79,190
9_lines_245_stations,113,79,191
9_lines_245_stations,114,80,81
9_lines_245_stations,115,80,166
9_lines_245_stations,116,81,82
9_lines_245_stations,117,82,83
9_lines_245_stations,118,84,85
9_lines_245_stations,119,84,196
9_lines_245_stations,120,84,197
9_lines_245_stations,121,85,86
9_lines_245_stations,122,86,87
9_lines_245_stations,123,87,88
9_lines_245_stations,124,89,90
9_lines_245_stations,125,90,91
9_lines_245_stations,126,91,92
9_lines_245_stations,127,92,93
9_lines_245_stations,128,93,94
9_lines_245_stations,129,93,141
9_lines_245_stations,130,93,142
9_lines_245_stations,131,94,95
9_lines_245_stations,132,95,96
9_lines_245_stations,133,96,97
9_lines_245_stations,134,96,115
9_lines_245_stations,135,96,116
9_lines_245_stations,136,98,99
9_lines_245_stations,137,99,100
9_lines_245_stations,138,100,101
9_lines_245_stations,139,101,102
9_lines_245_stations,140,102,103
9_lines_245_stations,141,103,104
9_lines_245_stations,142,104,105
9_lines_245_stations,143,105,106
9_lines_245_stations,144,106,107
9_lines_245_stations,145,107,108
9_lines_245_stations,146,108,109
9_lines_245_stations,147,109,110
9_lines_245_stations,148,110,111
9_lines_245_stations,149,111,112
9_lines_245_stations,150,113,114
9_lines_245_stations,151,115,167
9_lines_245_stations,152,116,117
9_lines_245_stations,153,117,118
9_lines_245_stations,154,118,119
9_lines_245_stations,155,119,120
9_lines_245_stations,156,119,142
9_lines_245_stations,157,119,143
9_lines_245_stations,158,120,121
9_lines_245_stations,159,121,122
9_lines_245_stations,160,122,123
9_lines_245_stations,161,123,124
9_lines_245_stations,162,126,127
9_lines_245_stations,163,127,128
9_lines_245_stations,164,128,129
9_lines_245_stations,165,129,130
9_lines_245_stations,166,130,131
9_lines_245_stations,167,131,132
9_lines_245_stations,168,132,133
9_lines_245_stations,169,133,134
9_lines_245_stations,170,134,135
9_lines_245_stations,171,134,197
9_lines_245_stations,172,134,198
9_lines_245_stations,173,136,137
9_lines_245_stations,174,137,138
9_lines_245_stations,175,139,140
9_lines_245_stations,176,140,141
9_lines_245_stations,177,140,193
9_lines_245_stations,178,140,194
9_lines_245_stations,179,143,144
9_lines_245_stations,180,144,145
9_lines_245_stations,181,145,146
9_lines_245_stations,182,145,236
9_lines_245_stations,183,145,237
9_lines_245_stations,184,146,147
9_lines_245_stations,185,147,148
9_lines_245_stations,186,148,149
9_lines_245_stations,187,149,150
9_lines_245_stations,188,150,151
9_lines_245_stations,189,152,153
9_lines_245_stations,190,153,154
9_lines_245_stations,191,154,155
9_lines_245_stations,192,155,156
9_lines_245_stations,193,156,157
9_lines_245_stations,194,157,158
9_lines_245_stations,195,158,159
9_lines_245_stations,196,159,160
9_lines_245_stations,197,160,161
9_lines_245_stations,198,161,162
9_lines_245_stations,199,162,163
9_lines_245_stations,200,163,164
9_lines_245_stations,201,164,165
9_lines_245_stations,202,165,166
9_lines_245_stations,203,167,168
9_lines_245_stations,204,168,169
9_lines_245_stations,205,170,171
9_lines_245_stations,206,172,173
9_lines_245_stations,207,173,174
9_lines_245_stations,208,174,175
9_lines_245_stations,209,175,176
9_lines_245_stations,210,176,177
9_lines_245_stations,211,177,178
9_lines_245_stations,212,178,179
9_lines_245_stations,213,179,180
9_lines_245_stations,214,180,181
9_lines_245_stations,215,31,182
9_lines_245_stations,216,182,183
9_lines_245_stations,217,183,187
9_lines_245_stations,218,184,185
9_lines_245_stations,219,185,186
9_lines_245_stations,220,186,187
9_lines_245_stations,221,187,188
9_lines_245_stations,222,188,189
9_lines_245_stations,223,189,190
9_lines_245_stations,224,191,192
9_lines_245_stations,225,195,196
9_lines_245_stations,226,198,199
9_lines_245_stations,227,199,200
9_lines_245_stations,228,200,201
9_lines_245_stations,229,201,202
9_lines_245_stations,230,202,203
9_lines_245_stations,231,203,204
9_lines_245_stations,232,204,205
9_lines_245_stations,233,205,206
9_lines_245_stations,234,206,207
9_lines_245_stations,235,207,208
9_lines_245_stations,236,208,209
9_lines_245_stations,237,209,210
9_lines_245_stations,238,211,212
9_lines_245_stations,239,212,213
9_lines_245_stations,240,213,221
9_lines_245_stations,241,214,215
9_lines_245_stations,242,215,216
9_lines_245_stations,243,216,217
9_lines_245_stations,244,217,218
9_lines_245_stations,245,218,219
9_lines_245_stations,246,219,220
9_lines_245_stations,247,220,221
9_lines_245_stations,248,221,222
9_lines_245_stations,249,222,223
9_lines_245_stations,250,223,224
9_lines_245_stations,251,224,225
9_lines_245_stations,252,225,226
9_lines_245_stations,253,226,227
9_lines_245_stations,254,227,228
9_lines_245_stations,255,228,229
9_lines_245_stations,256,229,230
9_lines_245_stations,257,230,231
9_lines_245_stations,258,233,234
9_lines_245_stations,259,234,235
9_lines_245_stations,260,235,236
9_lines_245_stations,261,237,238
9_lines_245_stations,262,238,239
9_lines_245_stations,263,239,240
9_lines_245_stations,264,240,241
9_lines_245_stations,265,241,242
9_lines_245_stations,266,242,243
9_lines_245_stations,267,243,244
9_lines_245_stations,268,244,245
